{cfg.data},{cfg.bitrate},{strategy},{avg_delay},{tail_delay},{avg_vmaf},{avg_psnr}
ReadySteadyGo,static_1mbps,0.3,25.61522147651007,30.130800000000004,38.051868189597315,30.410524188813945
ReadySteadyGo,static_1mbps,0.04,18.604939597315436,23.085466666666665,30.188265748322145,29.78578418421303
ReadySteadyGo,static_2mbps,0.3,25.961590604026846,29.323733333333337,65.06585962080537,31.882004050754354
ReadySteadyGo,static_2mbps,0.04,17.34611409395973,23.515866666666664,49.43675311912751,31.075657749926098
ReadySteadyGo,static_5mbps,0.3,26.17221744966443,28.939333333333334,92.27792935402685,33.958742802103046
ReadySteadyGo,static_5mbps,0.04,16.796357046979864,23.255573333333334,81.4252337818792,32.997264468828675
ReadySteadyGo,static_10mbps,0.3,26.33169798657718,28.668453333333332,99.47416526510067,35.774031520929746
ReadySteadyGo,static_10mbps,0.04,16.67741342281879,23.086226666666665,96.32680996644294,34.64748680925751
ReadySteadyGo,static_20mbps,0.3,26.40649798657718,28.353806666666667,99.94287394295303,37.52594563500638
ReadySteadyGo,static_20mbps,0.04,16.806392617449667,23.46148,99.81345970637584,36.43936616697876
ReadySteadyGo,static_1mbps,0.06,22.890912751677853,25.107866666666666,36.214193854026846,30.244325790359024
ReadySteadyGo,static_2mbps,0.06,23.109731543624164,25.317333333333337,61.67147856208053,31.720177336446216
ReadySteadyGo,static_5mbps,0.06,23.219680536912755,25.484986666666668,90.3778987432886,33.77389078060455
ReadySteadyGo,static_10mbps,0.06,23.28464966442953,25.64770666666666,99.12061912919464,35.55514512957532
ReadySteadyGo,static_20mbps,0.06,23.435226845637583,25.914173333333334,99.93328548154362,37.2783630709789
ReadySteadyGo,static_1mbps,0.3_drop,12.877785234899328,29.960799999999995,24.44262887919463,30.44832527721626
ReadySteadyGo,static_2mbps,0.3_drop,13.014758389261745,29.36613333333333,36.77000282214765,31.401072436668684
ReadySteadyGo,static_5mbps,0.3_drop,13.20864966442953,29.201813333333337,53.65566544966443,32.795046575915485
ReadySteadyGo,static_10mbps,0.3_drop,13.27805100671141,28.74928,59.95200017449664,33.79537696757449
ReadySteadyGo,static_20mbps,0.3_drop,13.336973825503357,28.134380000000004,60.80522970134229,34.671395928448845
ReadySteadyGo,10to1,0.3,46.300280536912766,231.89440000000005,47.29428262248322,31.311427964019295
ReadySteadyGo,10to1,0.04,21.097832214765102,44.34315999999999,42.45688306711409,30.674561903481557
ReadySteadyGo,10to2,0.3,33.91974362416107,107.0074266666667,69.40923331375839,32.54942380809018
ReadySteadyGo,10to2,0.04,17.949248322147653,27.310426666666665,56.22145911577181,31.769462054727423
ReadySteadyGo,10to2,0.3_adaptive,27.43582416107383,42.17716,69.45314716610739,32.549015024896526
ReadySteadyGo,10to1,0.3_adaptive,32.55873691275168,95.69752000000001,47.32091763087248,31.306273387783857
ReadySteadyGo,10to2,0.06,24.594659060402687,40.431733333333334,66.48404622986577,32.399984563418926
ReadySteadyGo,10to2,0.08,27.645425503355707,49.74794666666665,69.36125575167786,32.54245471390318
ReadySteadyGo,10to2,0.1,29.312312751677858,59.48852,69.95826607214765,32.582526300413384
ReadySteadyGo,10to2,0.2,30.315464429530202,69.89166666666665,69.73998137080537,32.5741401832394
ReadySteadyGo,10to1,0.06,29.353182550335564,88.8081333333333,46.048005875838925,31.142069497273994
ReadySteadyGo,10to1,0.08,33.23299597315437,112.04549333333334,47.19791617114094,31.263034468053085
ReadySteadyGo,10to1,0.1,37.299238926174496,141.88895999999997,47.689808612416115,31.335338707899652
ReadySteadyGo,10to1,0.2,40.13167919463087,169.0708133333333,47.907785266778525,31.34034147586397
ReadySteadyGo,10to2,0.3,33.91974362416107,107.0074266666667,69.40923331375839,32.54942380809018
ReadySteadyGo,10to2,0.04,17.949248322147653,27.310426666666665,56.22145911577181,31.769462054727423
ReadySteadyGo,10to1,0.3,46.300280536912766,231.89440000000005,47.29428262248322,31.311427964019295
ReadySteadyGo,10to1,0.04,21.097832214765102,44.34315999999999,42.45688306711409,30.674561903481557
ReadySteadyGo,10to1,0.3_drop_30,4.204030872483222,22.465613333333337,38.48548727684564,30.969383064834354
Lecture1080p,10to1,0.04,21.83368409703504,83.92547368421053,53.21100575202156,34.860157563101566
Lecture1080p,10to1,0.06,36.355338005390834,176.75879999999998,68.04783143665767,35.17490418402375
Lecture1080p,10to1,0.08,50.949110512129366,285.8296842105263,72.32593321832884,35.64968516205106
Lecture1080p,10to1,0.1,73.457897574124,418.5764210526317,74.2688818948787,35.88753058803237
Lecture1080p,10to1,0.2,77.1158425876011,398.0492631578948,75.43299314824799,35.91311335475496
Lecture1080p,10to1,0.3,86.70331859838272,436.0595789473683,77.26417283018867,36.1005382347018
Lecture1080p,10to1,0.3_drop_10,40.468263711911355,171.41785945945946,76.15695719407007,36.09905594021132
Lecture1080p,10to1,0.3_adaptive,46.05298975741239,233.1896631578947,74.4966807412399,35.822765495324305
Lecture1080p,10to1,0.3_adaptive_part,136.21757714285715,429.3222857142858,68.54629525714286,35.78987935908314
Lecture1080p,10to1,0.3_drop_10_part,101.67711999999997,428.49028571428573,73.04347174285714,36.22237275973137
Lecture1080p,10to1,0.3_drop_10_part,130.93068799999998,448.5936,71.65045058000001,36.5589469814034
Lecture1080p,10to1,0.3_adaptive_part,179.975808,445.07840000000004,67.99047206,36.461487114902056
Lecture1080p,10to1,0.3_adaptive_part,266.58080000000007,442.704,48.884339100000005,34.33798796861199
Lecture1080p,10to1,0.3_drop_10_part,184.8389333333333,449.18666666666667,54.98430329999999,34.50042107944757
ReadySteadyGo,10to1,0.3,46.300280536912766,231.89440000000005,47.29428262248322,31.311427964019295
ReadySteadyGo,10to1,0.3_drop_10,29.506592491467575,68.32485423728814,46.38468058389262,31.29776135002761
ReadySteadyGo,10to1,0.3_adaptive,32.55873691275168,95.69752000000001,47.32091763087248,31.306273387783857
ReadySteadyGo,10to1,0.3_adaptive_part,151.03466666666665,262.3946666666667,63.89763070000001,32.28983941092356
ReadySteadyGo,10to1,0.3_drop_10_part,151.6136,324.5253333333333,48.13452983333334,31.907327703495945

ReadySteadyGo,10to1,0.3_part,319.2368000000001,399.336,68.96278193333333,32.64701289493636
ReadySteadyGo,10to1,0.04_part,59.36053333333333,143.61333333333334,62.83692433333332,32.19522557695003
ReadySteadyGo,10to1,0.3_adaptive_part,151.03466666666665,262.3946666666667,63.89763070000001,32.28983941092356
ReadySteadyGo,10to1,0.3_drop_10_part,151.6136,324.5253333333333,48.13452983333334,31.907327703495945
ReadySteadyGo,10to1,0.3_drop_10_interval_3_part,113.71759999999999,274.4533333333333,48.659737400000004,31.901925619354888
ReadySteadyGo,10to1,0.3_drop_14_interval_3_part,109.13253333333333,274.4533333333333,40.36090433333334,31.56031716776387
ReadySteadyGo,10to1,0.3_drop_20_interval_3_part,103.62799999999999,274.4533333333333,31.46052986666667,31.228823046422885
ReadySteadyGo,10to1,0.3_drop_10_interval_4_part,89.72186666666667,240.85333333333332,49.74713953333333,31.897029198429653
ReadySteadyGo,10to1,0.3_drop_15_interval_4_part,81.15493333333332,240.85333333333332,39.23650986666667,31.440259796620353
ReadySteadyGo,10to1,0.3_drop_30_interval_4_part,74.37466666666667,240.85333333333332,26.314795533333328,30.9343897673136


Lecture1080p,10to1,0.3_part,455.79786666666655,519.7679999999999,73.97428056666668,35.155359231533176
Lecture1080p,10to1,0.04_part,88.19866666666667,232.04,47.698221266666664,34.36372422250027
Lecture1080p,10to1,0.3_drop_10_part,184.8389333333333,449.18666666666667,54.98430329999999,34.50042107944757
Lecture1080p,10to1,0.3_drop_15_interval_4_part,161.0170666666666,283.1168,47.10345443333333,34.26531261890148
Lecture1080p,10to1,0.3_drop_14_interval_3_part,197.96213333333338,326.2848,48.11104623333333,34.2257136850505

ReadySteadyGo,10to1,0.3_part,319.2368000000001,360.3450666666667,68.96278193333333,32.64701289493636
ReadySteadyGo,10to1,0.3_drop_10_part,151.6136,259.5989333333334,48.13452983333334,31.907327703495945
ReadySteadyGo,10to1,0.3_drop_14_interval_3_part,109.13253333333333,195.50560000000002,40.36090433333334,31.56031716776387
ReadySteadyGo,10to1,0.3_drop_15_interval_4_part,81.15493333333332,142.35999999999999,39.23650986666667,31.440259796620353
ReadySteadyGo,10to1,0.04_part,59.36053333333333,96.2752,62.83692433333332,32.19522557695003
ReadySteadyGo,10to1,0.3_drop_14_interval_3,181.4995828187921,411.36946666666694,72.10812181711408,33.78786214601232
